image,saturation,luminance,contrast,sharpness,rule_of_thirds_gridlines,rule_of_thirds_power_points,diagonal_dominance,entropy,symmetry,horizontal_vertical_line_ration,straight_diagonal_line_ratio,histograms,novelty,typicality,aesthetic
2_SI.jpg,133.38394451141355,169.20195198059082,252.4117647058824,3036.345652355798,28.5,54.81788029466298,1021,7.432583153403998,67.02269329411335,0.5,1.2,0.76124674,0.512579027661898,0.6544179367825755,0.00390625
63_TCDNE.jpg,53.48989486694336,64.83835029602051,151.70588235294116,134.82650172930738,31.0,89.44271909999159,1018,5.7512996668230905,83.80085436598713,0.5,0.75,0.6208392,0.2517219118024709,0.414673684009019,0.0078125
19_TCDNE.jpg,32.92393398284912,63.39657211303711,152.8921568627451,69.68335160199422,3.0,131.18307817702708,296,5.468279765500561,127.10731911016627,0.7142857142857143,0.631578947368421,0.6471726,0.3020746650457496,0.4233168897009268,0.00390625
26_G250.jpg,127.0432825088501,101.4976396560669,245.90196078431373,2806.3497433581488,14.0,63.788713735268246,952,7.117249755659644,110.30876121863362,0.7142857142857143,0.5454545454545454,0.59987974,0.2138445722940776,0.3996111178172641,0.10546875
27_G250.jpg,207.7752046585083,116.71567821502686,186.92156862745097,2199.7138548436787,3.0,72.91776189653656,1017,6.552092310828613,103.22769293371142,1.0,0.8333333333333334,0.72904694,0.4430394586388729,0.4818764549263337,0.0
1_G250.jpg,21.29826736450196,187.812391281128,255.0,2858.223871476878,262.5,327.4828239770752,99,7.05196388527084,106.70784831909532,0.8333333333333334,0.9166666666666666,0.61109865,0.540319413747882,0.5795028388878838,0.05859375
42_TCDNE.jpg,69.18443202972412,74.17961597442627,147.9019607843137,72.16749282542773,77.0,109.38464243210744,800,5.681892941539848,62.50318169931385,0.7058823529411765,1.1153846153846154,0.7204904,0.2770001974836025,0.4051789609190949,0.0
38_TCDNE.jpg,41.585585594177246,65.73028945922852,210.09803921568627,478.5463832387322,50.0,85.98837130682264,1007,6.474335316645191,128.63752558789756,0.5416666666666666,1.2758620689655171,0.6298348,0.5206563331879607,0.6309064305773732,0.0078125
51_G250.jpg,149.2528371810913,130.79274940490723,225.2450980392157,2314.8356009582844,23.0,27.65863337187866,1017,7.059443501246367,142.45057536198067,0.6071428571428571,1.25,0.70201844,0.3761824769890857,0.5696415558695217,0.01171875
50_G250.jpg,151.6068630218506,88.7380485534668,238.8921568627451,1814.6657931673965,90.5,108.46197490365,645,6.976428480424119,153.14259916557694,0.6206896551724138,1.236842105263158,0.56990284,0.4047824331540953,0.5628444210973522,0.0625
6_TCDNE.jpg,23.64952754974365,63.596293449401855,172.91176470588238,68.20338094858641,27.0,69.9714227381436,1022,4.912000438712824,73.02482837677648,0.6333333333333333,1.0888888888888888,0.69218034,0.3428797996268906,0.4804627870072375,0.00390625
1_BL.jpg,159.60637187957764,146.78811931610107,237.01960784313724,1233.9251438209703,35.0,37.05401462729781,1019,7.10340533086063,85.06988293721177,0.6451612903225806,1.0625,0.7190667,0.2113608082083302,0.415863452530626,0.0
18_G250.jpg,139.09301853179932,94.6478385925293,242.45098039215685,2447.345679967408,105.0,106.21205204683694,1003,7.053782887961198,118.53710876686054,0.65625,1.0816326530612246,0.63806736,0.2072050645089618,0.4059171912606739,0.05078125
19_G250.jpg,204.4163885116577,73.71404266357422,214.35294117647052,293.51296442122697,10.0,74.21590126111789,51,5.434379326096212,128.00572358945456,0.6363636363636364,1.0588235294117647,0.6540261,0.3505396192850216,0.4500913446317384,0.03515625
56_TCDNE.jpg,164.5299940109253,97.92246055603027,213.55882352941177,281.44470446072074,12.0,39.45883931389772,1019,6.458799221392072,71.70111431075497,0.6470588235294118,0.9824561403508772,0.71614903,0.2429259166493472,0.3786105883837399,0.01953125
14_BL.jpg,172.89119148254397,91.81130981445312,250.3333333333333,529.1918836713544,109.0,122.98373876248844,1019,6.892189769813409,117.17683387336469,0.7058823529411765,0.9508196721311476,0.59947646,0.2576932972952144,0.3511383351149819,0.109375
42_SI.jpg,138.48656463623047,134.8750295639038,240.3823529411765,2023.4515142358705,20.0,65.19202405202648,486,7.4777634264138015,127.67492218162133,0.7027027027027027,0.9692307692307692,0.68732363,0.1955184009452726,0.3427184378933939,0.04296875
21_SI.jpg,169.20689010620117,82.13796424865723,245.86274509803923,925.6185927422996,8.0,113.1370849898476,1022,6.278972622299941,150.75647551181993,0.7105263157894737,1.0,0.7211815,0.2651336082531918,0.3787835208318416,0.02734375
50_SI.jpg,115.3722038269043,83.65021991729736,255.0,2933.808527230911,10.0,62.76941930590086,1019,6.835431000542904,55.48449584123741,0.6511627906976745,1.0757575757575757,0.6187455,0.2876340517200346,0.4428826847118755,0.01171875
64_G250.jpg,191.77545166015625,62.511152267456055,252.26470588235293,438.4028786771145,88.0,94.4298681562142,48,5.022504639217514,62.229025385195,0.6511627906976745,1.0289855072463767,0.7016639,0.3904722148290285,0.4237067312454347,0.09765625
33_SI.jpg,209.1661062240601,138.7649850845337,241.343137254902,3422.033693185484,20.0,36.05551275463989,506,7.118588578458187,105.47980488525924,0.6382978723404256,1.0405405405405406,0.7378995,0.2251936151979837,0.4304448780574258,0.0078125
18_BL.jpg,127.82454586029051,138.03229522705078,245.62745098039213,1778.084792411468,120.5,211.4000946073582,1023,6.754472275862639,77.9905750798722,0.6326530612244898,1.0256410256410255,0.7803344,0.3729253286786601,0.4324222372354825,0.0078125
14_TCDNE.jpg,40.91086769104004,63.89805030822754,98.13725490196076,41.56333113393976,12.0,83.64807230295268,819,4.632185873134517,63.20326932022061,0.6538461538461539,1.0,0.73536974,0.298813423326547,0.5020659730558062,0.0
30_BL.jpg,136.2260570526123,149.05694961547852,240.9313725490196,3204.878573279046,25.5,25.317977802344327,1014,7.416005195311321,96.0409034887552,0.6481481481481481,0.9175257731958762,0.7710056,0.2776597186117011,0.3924997458283953,0.0078125
12_G250.jpg,173.60393905639648,190.5151309967041,202.65686274509804,1668.595005045551,2.0,47.042533945356304,1020,6.618840042151465,100.72981301384216,0.6101694915254238,0.8796296296296297,0.78062254,0.327604355261162,0.4249455351802413,0.0078125
13_G250.jpg,130.41950511932373,98.46203327178956,246.12745098039213,2201.631463957219,9.0,92.13576938409967,1017,6.973945445677696,98.14899288018012,0.5806451612903226,0.8909090909090909,0.56478107,0.2417951295951989,0.4015024964221501,0.1015625
53_BL.jpg,193.4535522460937,77.14454174041748,238.02941176470588,1286.4068914829909,33.5,92.35799911215054,406,6.128966846828119,107.07378657766778,0.5757575757575758,0.9285714285714286,0.70598227,0.197675285346102,0.3743768974043627,0.046875
35_TCDNE.jpg,35.484618186950684,63.92791557312012,180.69607843137257,194.243179186884,187.5,211.0213259365034,478,5.786157056868733,155.9727067102287,0.5757575757575758,0.912280701754386,0.6042747,0.4204383616176824,0.4933517585975167,0.00390625
21_TCDNE.jpg,40.71923923492432,64.17510795593262,189.9607843137255,73.26683910545762,22.0,46.647615158762406,579,5.211442723899285,90.9618496082092,0.5735294117647058,0.9145299145299144,0.69500077,0.2726794685123268,0.4100000631382516,0.0
22_BL.jpg,177.81780433654785,53.5660514831543,212.08823529411765,659.3243846950011,2.0,29.61418578992169,1021,5.9779691553795935,87.79983466587701,0.5571428571428572,0.923728813559322,0.69628227,0.2735949999502349,0.4198388659026518,0.03125
17_SI.jpg,185.9587697982788,72.52130317687988,230.6176470588235,668.2977874957998,17.0,92.84934033152848,1023,6.127199876475458,114.14254396829328,0.5492957746478874,0.9243697478991596,0.6578563,0.2023222498481236,0.4026043904319023,0.03125
41_BL.jpg,147.55813312530518,91.37063026428224,252.55882352941177,2709.3614818872634,5.0,12.649110640673518,95,7.0154146263359225,121.66813768755516,0.5972222222222222,0.92,0.6286651,0.2983968804560083,0.4339183482430405,0.046875
31_SI.jpg,159.27486419677734,82.39349555969238,83.22549019607843,14.91683385485885,53.0,69.81403870282824,1022,5.662828742130861,44.5851873242266,0.5945945945945946,0.921875,0.74491245,0.3440999819689457,0.4797472893441104,0.09375
31_G250.jpg,145.38702011108398,137.9502763748169,232.2745098039216,2231.6482862950006,26.0,120.10828447696689,1018,7.337658653874713,131.23078618123057,0.6710526315789473,0.9477611940298508,0.7100326,0.1986120587325589,0.3520295037252207,0.0078125
30_G250.jpg,139.81600856781006,138.78767681121826,240.65686274509804,1972.764748565094,37.0,127.90621564255584,1016,7.20183058231931,103.39557263080864,0.6623376623376623,0.9078014184397164,0.705247,0.1752277221926101,0.3175998970789769,0.05078125
44_TCDNE.jpg,49.47249031066895,67.85281753540039,154.68627450980392,149.13834368835887,125.0,215.425161018856,758,5.620835897225392,103.77614962164353,0.6538461538461539,0.8896551724137931,0.6828231,0.2573942728222184,0.3767776706375968,0.0
52_SI.jpg,163.98295211791992,114.8836612701416,255.0,6821.039374708474,17.0,72.83543093852057,1017,7.336501611567542,102.29721882451784,0.6582278481012658,0.8733333333333333,0.63407433,0.2683148071477496,0.4206196634504488,0.0234375
23_SI.jpg,183.48655319213867,119.91616439819336,244.4607843137255,767.9234028610937,20.0,98.00510190801292,1020,6.391045316988134,149.952576997238,0.65,0.8627450980392157,0.6548661,0.229813192670171,0.3515218031776425,0.02734375
50_TCDNE.jpg,50.3922700881958,64.79297256469727,229.2058823529412,145.62137542758728,22.0,87.93179174792243,140,5.785373436242102,138.08080316473863,0.6626506024096386,0.8734177215189873,0.6682034,0.3209972699293675,0.3715148877364395,0.00390625
16_BL.jpg,189.00068187713623,60.7360954284668,242.67647058823528,1109.106473953869,167.0,204.41379601191304,1021,6.1743496489515,44.92301962364606,0.6547619047619048,0.879746835443038,0.6501173,0.3231622520266499,0.4218983042097693,0.01953125
40_SI.jpg,114.15576648712158,109.63595485687256,255.0,1440.455724633723,176.0,231.6139028642279,65,6.275747641418122,53.85877060002934,0.6588235294117647,0.88125,0.6061872,0.3330601856773898,0.4374401104899205,0.12890625
15_SI.jpg,142.55126953125,121.80962085723876,235.72549019607845,3504.6371962035173,17.0,31.95309061734092,1018,7.1607539599966055,117.50881336334676,0.6477272727272727,0.8895705521472392,0.6289228,0.2151111842820479,0.364726769516457,0.01171875
43_BL.jpg,148.43620014190674,67.87058925628662,255.0,2598.398835308595,73.5,52.392747589718944,1021,6.527886977055615,84.88771493415739,0.651685393258427,0.875,0.6261367,0.2343651238003672,0.3387514686244921,0.12109375
20_BL.jpg,126.3968620300293,189.80414962768555,238.7549019607843,1901.6100653566743,94.0,121.26417442921878,120,6.716805053271886,83.89232368482928,0.6373626373626373,0.8764705882352941,0.7819164,0.2976577953516415,0.4092451371845594,0.00390625
46_G250.jpg,166.58556365966797,74.16449928283691,255.0,1464.5849956796092,60.5,119.85407794480751,242,5.878742352036859,84.01874830735899,0.6105263157894737,0.864406779661017,0.6346439,0.2859665385085128,0.3482615021529847,0.125
51_BL.jpg,149.08227252960205,85.66139602661133,219.90196078431373,1048.4688750482976,37.0,95.29428104561154,1013,6.545569120542202,90.95708101726598,0.6122448979591837,0.8681318681318682,0.6852811,0.1576637972551468,0.309480777560211,0.078125
47_G250.jpg,166.59222888946533,115.31405448913574,229.69607843137257,1747.7196801924636,56.0,111.61541112229978,1022,7.276737465876359,81.32365545448995,0.6,0.8743169398907104,0.5905133,0.1998758747588522,0.3600162358387858,0.0625
19_SI.jpg,0.1823406219482422,242.7567443847656,228.99019607843127,1179.9660821862,60.0,140.54536634126364,409,2.9397490832691884,87.33973382439106,0.594059405940594,0.8655913978494624,0.8106811,0.5073974837165012,0.5441191286992807,0.0078125
32_BL.jpg,147.77735900878906,188.2031784057617,214.6960784313725,1821.9463071622304,78.0,124.84390253432484,1023,6.835711117008679,81.43773909834553,0.5825242718446602,0.8578947368421053,0.779157,0.2996796638799318,0.4039473758263113,0.0
64_SI.jpg,149.0261192321777,203.0358619689941,215.66666666666669,928.2763499689754,57.0,85.44003745317531,1017,7.022512374499596,74.12438633219476,0.5904761904761905,0.8564102564102564,0.78543156,0.3086339647231855,0.4278860841885392,0.00390625
33_TCDNE.jpg,40.28711318969727,64.46761798858643,104.01960784313724,29.32705739818266,22.0,94.04786015641186,1019,4.997366427109542,57.52230018954848,0.5925925925925926,0.8514851485148515,0.65655696,0.2563623177073958,0.4794418899541663,0.01171875
49_TCDNE.jpg,73.64925575256348,69.25171089172363,222.22549019607845,109.07885945714952,216.0,261.5836386320826,108,5.499909622908012,70.73947996482853,0.5871559633027523,0.8480392156862745,0.7070732,0.3565781332975649,0.4709026160361399,0.0
27_TCDNE.jpg,125.68601417541504,73.4127197265625,166.01960784313724,73.20844448392381,20.5,166.48123017325406,251,5.246052533240112,112.07181956673294,0.5765765765765766,0.8333333333333334,0.731062,0.2763463670107307,0.3687054088550742,0.0390625
3_BL.jpg,202.86782360076904,63.48854160308838,255.0,1351.36410861404,169.5,239.0690276886573,182,5.964390321251692,101.5637590755701,0.5803571428571429,0.8388625592417062,0.65150136,0.3200935788851507,0.4405583133621227,0.11328125
12_TCDNE.jpg,40.71923923492432,64.17510795593262,189.9607843137255,73.26683910545762,22.0,46.647615158762406,579,5.211442723899285,90.9618496082092,0.5789473684210527,0.8411214953271028,0.69500077,0.2118282585043482,0.3815923583092078,0.0
62_TCDNE.jpg,68.05379486083984,70.85545444488525,189.7941176470588,177.71492530221803,7.0,135.988970140964,766,6.178754055842144,190.1742248157856,0.5948275862068966,0.8604651162790697,0.6648331,0.3732811591655923,0.4358920283964545,0.0078125
55_BL.jpg,101.91702461242676,113.4747257232666,255.0,3611.621971060205,9.0,64.6297145282261,1017,7.3047465890652,115.68661832889416,0.5798319327731093,0.8663594470046083,0.63164836,0.22886309470707,0.3940235855893007,0.0625
28_BL.jpg,121.95796585083008,68.16016292572021,255.0,1936.5110629067915,149.0,206.55265672462312,56,6.969168256455776,93.93064086941384,0.5950413223140496,0.8812785388127854,0.74331766,0.3932599110190503,0.3968615845467622,0.05859375
60_SI.jpg,191.0717945098877,209.7913064956665,240.0,1940.0943059897577,39.0,132.03408650799233,939,7.14929385357626,137.07689573169236,0.5669291338582677,0.8963963963963963,0.7608426,0.3590227516003874,0.4667398666869451,0.03515625
18_TCDNE.jpg,65.78803634643555,67.57037830352783,190.7450980392157,42.50756515760349,9.0,115.93532679903912,138,4.932624762151889,74.94903837518123,0.5703125,0.9013452914798208,0.7273238,0.3237200339813932,0.4223388015634825,0.015625
36_BL.jpg,128.46044445037842,167.05286312103271,232.0,2120.298869741715,15.0,67.4166151627327,1011,7.189599611521261,123.94728018111728,0.5692307692307692,0.8869565217391304,0.7086684,0.2085440066180071,0.3898488979610624,0.02734375
36_G250.jpg,145.43232536315918,153.20392990112305,249.16666666666669,2343.8056452702945,36.0,191.3765920900464,1023,6.814045865743434,100.53521717153038,0.5671641791044776,0.8936170212765957,0.7785272,0.2797040300117388,0.3961590454149661,0.0078125
37_G250.jpg,126.46252250671388,93.45706748962402,255.0,781.958527956514,6.0,34.20526275297414,408,6.86284917355753,107.8632413024638,0.5777777777777777,0.891213389121339,0.6000427,0.2504947868908208,0.4010469614380068,0.1015625
47_BL.jpg,124.44981288909912,140.84786128997803,221.23529411764707,2098.639524783413,61.0,61.07372593840988,515,7.096064701348066,100.58194722208673,0.583941605839416,0.8821138211382114,0.6692346,0.145435852801111,0.3318086834749325,0.00390625
11_SI.jpg,143.60305404663086,107.70055294036864,248.23529411764707,4371.0515460470215,85.0,93.1074647920348,230,7.116840617672724,123.03672180488226,0.5797101449275363,0.8755020080321285,0.6039067,0.2960216641344805,0.4104255683310679,0.10546875
59_BL.jpg,128.35808563232422,119.61430072784424,246.7843137254902,2715.3092140231515,23.5,57.0701322935211,1021,7.415251070158877,123.16408491804872,0.5704225352112676,0.87109375,0.7147837,0.1581799339978911,0.3737435168824319,0.0234375
24_BL.jpg,146.54764080047607,105.97109985351562,239.68627450980392,2172.2869076673223,17.0,17.11724276862369,529,6.962620634097663,128.84947109471094,0.5724137931034483,0.8603773584905661,0.68122226,0.1686536357211938,0.3673830703168502,0.00390625
7_TCDNE.jpg,97.97430992126463,73.7708625793457,122.54901960784312,24.78447628764843,34.0,111.8257573191436,217,4.805675521459754,41.61037953069619,0.5753424657534246,0.8518518518518519,0.71567243,0.2956886175524294,0.4576018402170069,0.01953125
27_SI.jpg,6.75833797454834,201.02200317382807,254.6960784313725,3187.854204672964,1.0,53.33854141237835,1017,6.929064001834823,72.73664915669173,0.5714285714285714,0.8339350180505415,0.72227925,0.4110879091716884,0.4680805940611051,0.0859375
44_SI.jpg,150.2895851135254,104.90716457366943,248.7745098039216,675.1733206052112,33.0,47.38143096192854,455,5.950805420721433,110.68776392710856,0.5782312925170068,0.8315412186379928,0.66054434,0.1822867101456171,0.3259125314741749,0.07421875
12_BL.jpg,200.2444667816162,78.53605461120605,247.0686274509804,1821.3825095327616,33.0,177.867928531256,241,6.508878159749304,67.15970417247398,0.5850340136054422,0.8321428571428572,0.63420117,0.3181264135657354,0.3777578477942913,0.12890625
57_TCDNE.jpg,41.08495235443115,63.29892539978027,190.4313725490196,50.87233414494767,11.0,50.99019513592785,1021,5.11021499550447,85.38389690694865,0.5986394557823129,0.8245614035087719,0.7203265,0.1562831988971891,0.3781568257539531,0.00390625
39_SI.jpg,124.6778507232666,125.80525875091551,238.66666666666663,2989.4458501248964,3.0,37.94733192202055,1016,7.376647863997562,101.01515948660852,0.6026490066225165,0.8373702422145328,0.71202725,0.204335194326132,0.354880767046197,0.0390625
48_SI.jpg,148.0471067428589,113.01201343536376,252.8235294117647,764.7777572908368,76.0,43.829214001622255,244,6.8194380762391145,166.81501604120317,0.6158940397350994,0.8384879725085911,0.64265984,0.3193567073658855,0.3956988047304333,0.10546875
43_TCDNE.jpg,45.76150608062744,65.06212425231934,172.27450980392155,135.0188369245734,83.0,127.47548783981962,685,5.913202602910003,60.13646296531572,0.6168831168831169,0.8440677966101695,0.6453358,0.2184529934183217,0.3644484639588891,0.00390625
63_BL.jpg,126.72119522094728,146.36883163452148,231.921568627451,2536.906173457703,1.5,25.317977802344327,1016,7.383459529546495,86.62810078940294,0.6346153846153846,0.8528428093645485,0.7301842,0.2670594734059907,0.3662958527166522,0.01171875
35_SI.jpg,114.58924293518066,100.69312286376952,245.45098039215685,2972.280673740425,40.0,57.28001396647874,84,7.038246709836812,88.36091905512593,0.6305732484076433,0.8338762214983714,0.57473856,0.2994781405618236,0.3994550461774983,0.03515625
56_SI.jpg,130.5286922454834,92.99817657470705,248.89215686274508,4057.7338415863137,42.0,77.62087348130012,519,7.0503052134366975,86.88562128045523,0.65,0.8488745980707395,0.6107368,0.2447634560666056,0.3441639869362197,0.0234375
39_TCDNE.jpg,85.19927978515625,72.81155014038086,135.41176470588238,42.309257419547066,275.0,172.74258305351347,667,4.680761960839104,105.29765728843596,0.65,0.8461538461538461,0.7212607,0.351190005206027,0.4718500699054149,0.03515625
41_G250.jpg,111.79825687408449,94.72087287902832,255.0,2290.147862302351,46.5,72.99315036357864,1017,6.92856206550195,97.59525081700362,0.6481481481481481,0.8449367088607594,0.63665515,0.2063955939023607,0.3123125338756641,0.08984375
40_G250.jpg,7.432285308837891,215.9482717514038,255.0,2966.654152853624,7.0,56.08029957123981,1020,6.662776776510126,102.35477491285754,0.6503067484662577,0.8354037267080745,0.6561012,0.3735011981101867,0.4238656601050917,0.015625
15_TCDNE.jpg,86.2119026184082,73.01765155792236,149.0392156862745,51.797979026900975,50.0,27.073972741361768,481,4.946548465236406,227.6282278879446,0.656441717791411,0.8385093167701864,0.73080224,0.4253007580294757,0.5593038286903727,0.0
7_BL.jpg,200.7433261871338,55.3172025680542,242.55882352941177,1233.1330097942248,165.5,221.3820227570432,1022,5.00156566926838,36.41296850433636,0.6524390243902439,0.8416149068322981,0.6799869,0.2961471504672371,0.4443413202994197,0.1015625
4_SI.jpg,160.13020133972168,98.56302738189696,252.9705882352941,4426.732031846042,59.0,122.14745187681976,1020,7.248770009175807,91.94799150179912,0.6506024096385542,0.8509316770186336,0.63375676,0.2401080329801876,0.3568471165190848,0.015625
20_TCDNE.jpg,164.5299940109253,97.92246055603027,213.55882352941177,281.44470446072074,12.0,39.45883931389772,1019,6.458799221392072,71.70111431075497,0.6526946107784432,0.8414634146341463,0.71614903,0.2871490022434197,0.3389053733080847,0.01953125
8_SI.jpg,2.620006561279297,246.61420440673828,59.85294117647058,36.91405676885916,194.0,317.5106297433206,1023,4.087115605607905,175.71407755958666,0.6547619047619048,0.8475609756097561,0.8001764,0.6877659505135361,0.772247634433325,0.00390625
34_TCDNE.jpg,40.5405158996582,63.76010990142822,136.078431372549,78.67142546466494,9.0,52.20153254455275,206,5.247122133401096,189.0125993409576,0.6627218934911243,0.8240469208211144,0.71798736,0.3357712037645995,0.508227034537284,0.0
5_BL.jpg,176.35657501220703,77.33535480499268,248.4607843137255,2362.117109626045,16.0,94.41398201537736,1019,6.257005748809927,88.84113145166228,0.6549707602339181,0.8299120234604106,0.6642199,0.2210387502304523,0.3102746535381249,0.03125
51_TCDNE.jpg,86.2119026184082,73.01765155792236,149.0392156862745,51.797979026900975,50.0,27.073972741361768,481,4.946548465236406,227.6282278879446,0.6608187134502924,0.8328445747800587,0.73080224,0.4230019230712326,0.5582149251532093,0.02734375
1_TCDNE.jpg,84.17539691925049,70.7512321472168,147.95098039215688,67.79931875572123,158.5,22.20360331117452,423,4.9331683026093325,33.805485513695245,0.6627906976744186,0.8313953488372093,0.7226509,0.2260100956100131,0.4084554333539254,0.0234375
21_G250.jpg,127.89580154418944,127.57384490966795,244.1372549019608,2418.162665784359,2.0,4.47213595499958,146,7.261966518608688,106.82904992498445,0.6589595375722543,0.8107344632768362,0.66421896,0.274269601605678,0.3712693851257524,0.0390625
20_G250.jpg,159.5741548538208,78.50825595855713,250.7549019607843,1317.1492353519425,10.0,92.7793080379456,1020,6.470286277337359,48.9331265961328,0.6571428571428571,0.8192090395480226,0.5879068,0.3148813767591943,0.3796990865954147,0.12109375
9_BL.jpg,132.78388500213623,142.9328908920288,238.85294117647052,2871.396576181901,13.0,80.09993757800315,1013,7.500111479217149,101.20759991211152,0.6704545454545454,0.8166666666666667,0.6901372,0.2017702501319658,0.324370600425288,0.03125
45_TCDNE.jpg,40.28711318969727,64.46761798858643,104.01960784313724,29.32705739818266,22.0,94.04786015641186,1019,4.997366427109542,57.52230018954848,0.6703910614525139,0.8147138964577657,0.65655696,0.2063351263683679,0.4522026096131773,0.0078125
56_G250.jpg,133.57209873199463,76.08102703094482,255.0,1258.172619470796,8.0,94.847245611035,449,5.991224662911248,116.6593660371736,0.6722222222222223,0.8091397849462365,0.6671893,0.1665134735583215,0.2897017059960062,0.06640625
57_G250.jpg,116.25815296173096,82.6120138168335,255.0,2245.1827910015577,24.0,61.39218191268331,272,7.154927548394812,100.97125491772329,0.6777777777777778,0.8031914893617021,0.5971795,0.1950592839593977,0.3578040649226389,0.0625
7_G250.jpg,145.55301189422607,169.72891521453855,219.81372549019608,2260.146743764577,19.0,71.42128534267638,1019,6.841747893718129,119.37825326865782,0.6923076923076923,0.7958656330749354,0.7800799,0.1949568973031,0.3642004150315047,0.015625
6_G250.jpg,142.23909187316897,121.6580057144165,237.92156862745097,2774.7652689600927,55.0,133.30416347586447,331,7.229047729093806,130.6526547313321,0.6956521739130435,0.7938931297709924,0.69288343,0.238442205736975,0.3148072752059017,0.015625
64_TCDNE.jpg,125.68601417541504,73.4127197265625,166.01960784313724,73.20844448392381,20.5,166.48123017325406,251,5.246052533240112,112.07181956673294,0.6881720430107527,0.7869674185463659,0.731062,0.1916221909500008,0.3314164778791406,0.0078125
6_SI.jpg,205.3833246231079,27.147923469543457,250.6176470588236,174.5678811369417,304.0,313.16609011832685,55,3.845330882047712,177.399979954468,0.6989247311827957,0.79,0.72059375,0.5430838520022223,0.6779274906770998,0.03125
26_BL.jpg,138.13228511810303,94.63327884674072,252.31372549019608,2965.953259170846,32.5,50.0,1019,6.779653412216401,148.7313430976934,0.7005347593582888,0.7681159420289855,0.6933345,0.2176193040557277,0.3425884628670011,0.00390625
45_BL.jpg,135.97685050964355,82.2792501449585,240.8823529411765,2020.556838347905,22.0,25.317977802344327,521,6.776597011326999,125.26691466244336,0.6894736842105263,0.7624703087885986,0.67113006,0.1660203587088613,0.3098319748134766,0.05078125
26_TCDNE.jpg,164.5299940109253,97.92246055603027,213.55882352941177,281.44470446072074,12.0,39.45883931389772,1019,6.458799221392072,71.70111431075497,0.6910994764397905,0.7564402810304449,0.71614903,0.3167106656333611,0.3329149852639874,0.03125
38_BL.jpg,216.84682750701904,72.09097290039062,244.05882352941177,730.4747575955496,207.0,234.7530617478716,1023,5.720838092340515,41.1600968146049,0.6875,0.7587822014051522,0.6670068,0.2535407903518918,0.458619598946561,0.109375
13_SI.jpg,177.6435251235962,217.74224185943604,187.81372549019608,673.0241688291557,35.5,50.44799302251776,1021,7.001709433998524,69.12028911964553,0.6855670103092784,0.7551963048498845,0.76625645,0.2540071511690842,0.4210119078217814,0.01171875
62_SI.jpg,126.73447608947754,117.162335395813,234.91176470588235,3871.450003473408,13.0,118.1185844818672,1016,7.384563994482344,94.63438313701178,0.6919191919191919,0.7665903890160183,0.62504417,0.0893040065897658,0.3254194519359562,0.0
49_BL.jpg,192.80269527435303,102.81986331939696,254.0,1568.1047406697396,40.0,96.64884893261792,214,7.080378106392764,83.94971917299188,0.6984924623115578,0.771689497716895,0.58694935,0.1688523193052174,0.3666837454352089,0.125
32_TCDNE.jpg,83.09677028656006,71.3462085723877,169.79411764705884,60.79802566557191,12.0,26.0,401,5.189584396764968,44.5559146575529,0.7014925373134329,0.7772727272727272,0.6991984,0.1869192392837775,0.3850491819390753,0.03515625
34_BL.jpg,114.80319118499756,93.87923908233644,252.4607843137255,3417.950166113435,191.0,301.01494979485653,69,6.987655003443585,100.00444643167648,0.7014925373134329,0.7755102040816326,0.6193031,0.3519679897355675,0.4691970848658138,0.01171875
57_BL.jpg,135.84667873382568,88.72592544555664,254.86274509803923,2442.9202276229444,102.0,72.27724399837061,1017,6.953942464305316,84.02419067947349,0.7079207920792079,0.773542600896861,0.6184635,0.1621932906414778,0.3161118062612226,0.02734375
48_TCDNE.jpg,91.83284282684326,69.87623405456543,169.5686274509804,122.92491285972804,11.0,53.66563145999496,1019,5.959797218276144,60.31955540118096,0.7192118226600985,0.77728285077951,0.6389962,0.2063691687094608,0.3592917853285507,0.0
62_G250.jpg,177.3975133895874,77.77104187011719,255.0,794.6818957700016,12.0,115.73245007343446,1021,6.569382805835991,61.12041781388515,0.7241379310344828,0.7777777777777778,0.6260253,0.243436792592273,0.3491969601484574,0.0859375
63_G250.jpg,154.16351509094238,80.58779621124268,255.0,1075.7382467854186,22.5,36.12478373637688,300,5.934244317168891,103.31578481460872,0.7233009708737864,0.7785087719298246,0.7051926,0.1673288481245137,0.309874919936886,0.04296875
54_SI.jpg,129.27347087860107,44.40181827545166,255.0,333.7084607842244,124.0,180.01388835309348,1021,4.452002478522305,79.86063369739979,0.7281553398058253,0.775599128540305,0.68748087,0.2768946390214901,0.3545949507616661,0.0703125
29_SI.jpg,120.96327781677246,106.8732557296753,252.7941176470588,2456.502890963688,13.5,39.59797974644666,161,7.185985901348831,94.57428002881106,0.722488038277512,0.767590618336887,0.67808616,0.1807724468223349,0.3409581109441395,0.00390625
13_TCDNE.jpg,59.45254325866699,66.83593082427979,134.23529411764707,75.61366988805821,217.0,186.6788686488109,1022,5.168889503929655,86.48032066330353,0.7156398104265402,0.7685774946921444,0.7224379,0.3553294057953928,0.4438940368719549,0.0
61_BL.jpg,148.28852462768555,85.18703079223633,245.0,2928.6160548971898,24.0,51.0,601,6.791144266014254,85.38007690310457,0.7136150234741784,0.7651991614255765,0.67483264,0.0986405947842491,0.2879539572831646,0.03125
37_SI.jpg,5.930447578430176,219.2180519104004,101.62745098039215,24.43107604980105,226.0,280.1446055165082,196,5.1491580362357245,117.18012246213344,0.719626168224299,0.7650727650727651,0.7887297,0.5452771642472999,0.6336944429877552,0.01953125
15_G250.jpg,170.86578273773193,73.20424461364746,248.44117647058823,746.530926639572,81.0,85.70297544426332,1022,5.791371400192265,39.99717230573373,0.7175925925925926,0.7697095435684648,0.6656724,0.3250659724377523,0.3566696393068583,0.08203125
14_G250.jpg,135.47913551330566,130.05883693695068,238.89215686274508,2701.537298935988,19.0,29.8328677803526,1020,7.410777340786407,106.23542285637431,0.7123287671232876,0.7637474541751528,0.692607,0.1581585900552662,0.3305264986279371,0.00390625
46_SI.jpg,142.45480346679688,162.7537031173706,202.5196078431373,712.6497436887081,2.0,34.0,238,6.609591836502255,104.74104676339564,0.7136363636363636,0.7585513078470825,0.7827216,0.2591856882961421,0.3847774050053411,0.0078125
10_BL.jpg,163.52757740020752,71.7431583404541,244.16666666666663,960.0201640033484,147.0,182.02472359545007,1023,6.1418270338093714,60.94182150848694,0.7117117117117117,0.7630522088353414,0.6813049,0.2614031671434281,0.3475814293130634,0.11328125
58_SI.jpg,7.192376136779785,215.75770473480225,255.0,3809.442907261405,7.0,17.204650534085253,1015,6.411705917808896,128.20210048622366,0.726457399103139,0.7684630738522954,0.7127482,0.3532866849398725,0.4564627884593544,0.03125
25_SI.jpg,87.26888084411621,136.81952476501465,255.0,6640.553056799525,26.0,76.40026177965623,718,7.494011563361014,117.66616984060506,0.7244444444444444,0.766798418972332,0.6066151,0.2616544630797474,0.4374091521632833,0.046875
52_BL.jpg,155.3294506072998,75.80855941772461,255.0,1611.2535068948991,3.0,132.3782459469833,284,5.697405106401885,103.32133567931456,0.7236842105263158,0.7645914396887159,0.71563345,0.1681051989731917,0.2942724671680083,0.01171875
40_TCDNE.jpg,35.08303165435791,63.66940116882324,205.6078431372549,77.78603295463472,36.0,48.0,533,5.246182001511617,55.935948870467634,0.7142857142857143,0.7659574468085106,0.7050439,0.1583593702001302,0.3548604433673975,0.0
31_BL.jpg,124.05976486206056,120.63133907318117,253.5196078431373,2951.811033345235,20.0,21.2602916254693,1018,7.428957703648269,78.70528873571199,0.7124463519313304,0.764367816091954,0.6754386,0.1600148643628246,0.3445556403768782,0.01953125
40_BL.jpg,145.87585639953613,172.83931732177734,227.27450980392155,1578.8683560357802,7.0,13.038404810405298,370,6.813915350332847,143.4506069953729,0.7339055793991416,0.7622641509433963,0.77533543,0.2926533733891094,0.4140840696742492,0.0
16_SI.jpg,108.43124103546144,104.57546806335448,240.04901960784315,727.368182732455,95.0,150.98675438593943,1019,7.254954626691587,105.24880161781594,0.7350427350427351,0.7660377358490567,0.68399113,0.1934338049893781,0.2784780394972792,0.02734375
4_TCDNE.jpg,103.08350467681883,83.22287368774414,134.62745098039215,42.21365268647424,17.0,89.30845424706443,1020,5.306872839340965,66.57856464225682,0.726890756302521,0.7754716981132076,0.72754925,0.1839586156084489,0.3781387830801211,0.00390625
54_TCDNE.jpg,46.43921756744385,87.58912372589111,194.76470588235296,106.13586351145932,18.0,122.34786471369247,464,5.577409356063544,117.01954426847855,0.725,0.7738317757009345,0.6635017,0.2149610951286401,0.3188906938223133,0.00390625
38_G250.jpg,67.99994945526123,193.7774858474732,253.54901960784315,3774.669927840231,76.0,243.8462630429263,104,7.287743799862765,89.81266819495664,0.71900826446281,0.7761194029850746,0.7074395,0.3661705241734846,0.4349071431157571,0.02734375
39_G250.jpg,154.06039810180664,144.10083198547363,254.6372549019608,2909.585833390644,44.0,133.68619973654722,81,6.908138719032714,79.76978079654214,0.71900826446281,0.7675276752767528,0.77008146,0.2619966030171243,0.3654037630581485,0.00390625
23_BL.jpg,174.13769340515137,142.1304636001587,245.843137254902,3668.045855106877,20.0,52.354560450833695,1017,7.445106389271477,83.7813249272787,0.7183673469387755,0.7738970588235294,0.70145124,0.1998122288838291,0.3596212632717713,0.03515625
20_SI.jpg,127.01959800720216,160.4651870727539,239.31372549019608,4475.099261186177,10.0,64.5600495662759,1013,7.314903467060228,113.75152421918833,0.7188755020080321,0.781021897810219,0.6860742,0.1811615013328131,0.3618951865129876,0.0
43_SI.jpg,123.2256317138672,251.5259046554565,229.86274509803923,778.7007493254625,45.0,106.9298835686264,1014,4.504574045588435,84.73545623189953,0.7290836653386454,0.7848101265822784,0.784545,0.2373350216328027,0.4247127888215091,0.01171875
15_BL.jpg,186.61365032196045,45.28223991394043,253.8823529411765,1061.8353322781873,164.0,248.8453334905037,237,5.521314392125097,86.53633165639066,0.7330677290836654,0.786618444846293,0.68011564,0.1315199107458327,0.4027337220940345,0.05078125
64_BL.jpg,130.1747922897339,86.56004047393799,254.52941176470588,2250.750613905398,7.0,73.40980860893181,341,6.446897255532174,119.04766053846824,0.7301587301587301,0.7771836007130125,0.64331275,0.1238415455893977,0.3153407280831419,0.03515625
61_TCDNE.jpg,50.729148864746094,65.51055908203125,154.70588235294116,49.00116165614509,98.0,157.95252451290546,796,4.981815299525646,147.87033327733482,0.7283464566929134,0.7756183745583038,0.73285896,0.1547208472842316,0.4021267197664601,0.01171875
19_BL.jpg,106.7306308746338,102.10360431671144,255.0,624.3064001694662,132.5,164.00304875214974,255,6.660559460862014,80.423541692251,0.7322834645669292,0.773286467486819,0.6527122,0.2481129554619371,0.3213291726006327,0.09765625
32_SI.jpg,67.10617637634277,129.31342029571533,255.0,24957.780999459454,56.0,128.70120434556935,1015,6.552682846867421,127.61374430909316,0.7315175097276264,0.7739130434782608,0.6283538,1.0,1.0,0.09765625
51_SI.jpg,198.6155042648316,210.8698101043701,248.59803921568627,805.2681295673776,43.0,126.15070352558485,656,7.099021845087277,131.88446652911227,0.7203065134099617,0.7768166089965398,0.7601957,0.2691550482772579,0.4164506527641421,0.02734375
32_G250.jpg,140.42872524261475,130.36618518829346,255.0,2821.22915329456,6.0,8.94427190999916,1019,7.110427547822134,103.32014305069023,0.7159090909090909,0.773037542662116,0.7085525,0.195544748871942,0.3461716433671923,0.01171875
33_G250.jpg,218.62862491607663,249.1929244995117,200.99019607843132,151.35668657965175,120.0,206.81392603013947,284,5.830553268708706,107.54153458350838,0.7169811320754716,0.7751277683134583,0.76294607,0.3634396932917081,0.465835992593845,0.02734375
37_TCDNE.jpg,58.50741863250733,69.98008918762207,168.01960784313724,72.91576748048828,27.0,82.37718130647589,619,5.238451945457471,59.494702243918674,0.7153558052434457,0.7749576988155669,0.6850535,0.1182758428957256,0.3511679067642497,0.015625
9_TCDNE.jpg,39.35339641571045,69.04917335510254,211.46078431372547,162.75779393037956,33.5,92.84934033152848,1017,5.787161699907846,124.83315530869471,0.7174721189591078,0.7687188019966722,0.67167574,0.2696155769490051,0.3255218323296046,0.0
23_TCDNE.jpg,69.05788516998291,67.8567476272583,197.0686274509804,144.3642592485034,21.0,64.19501538281614,1019,5.668552447849177,98.34813577639142,0.7121771217712177,0.7682119205298014,0.6626073,0.2007919837243117,0.3240525239527801,0.015625
59_TCDNE.jpg,112.56078147888184,91.9805212020874,176.0,59.13327785116326,39.0,31.6227766016838,140,6.120283920494574,82.91121737841044,0.7195571955719557,0.762684124386252,0.7388461,0.2972872844684796,0.3424306025704676,0.05078125
3_SI.jpg,227.9767045974732,30.60563087463379,78.87254901960785,8.775684356394777,254.0,307.8830946966722,0,5.173695892461939,18.45199930198933,0.7232472324723247,0.7630718954248366,0.7221511,0.4312518296085192,0.6340521389309696,0.0
45_G250.jpg,205.33724975585932,123.91047382354736,220.8333333333333,3290.944892082433,47.0,119.6202324023825,1017,6.9311813444355295,86.20283568400961,0.7279411764705882,0.7592891760904685,0.7384253,0.2679567288273865,0.339165203201756,0.0078125
44_G250.jpg,154.12785530090332,100.22666454315186,254.5686274509804,3565.0088858008385,30.5,91.67878707749138,1019,7.11383543531677,110.41250400453436,0.7299270072992701,0.7523809523809524,0.7065391,0.1137270329666739,0.318365497211975,0.0078125
16_TCDNE.jpg,102.33571243286131,66.93943786621094,210.1176470588235,177.585453173695,39.0,95.85405573057407,1020,5.990628783356951,39.12302075092801,0.7345454545454545,0.754746835443038,0.6590446,0.2840647811196718,0.3563639299768648,0.00390625
2_BL.jpg,21.73728847503662,202.79904460906985,255.0,3513.782645340571,49.0,227.1299187689724,161,6.944034279394262,93.4078722900868,0.7292418772563177,0.7567140600315956,0.6914085,0.3742088315349332,0.4411541786552445,0.04296875
11_G250.jpg,132.65412712097168,138.2021198272705,233.2156862745098,2782.091860571189,140.0,194.1468516355596,56,6.992396042850266,105.15413954747343,0.7266187050359713,0.7559055118110236,0.7595885,0.3316784360045191,0.381240721148174,0.00390625
10_G250.jpg,122.04957103729248,109.68425941467284,249.7450980392157,2405.705197947508,31.0,42.95346318982906,213,7.387123923817108,104.612095550443,0.7338129496402878,0.7507788161993769,0.6529025,0.1670734309627105,0.3437063388751735,0.01953125
46_TCDNE.jpg,46.541367530822754,66.08786582946777,188.7058823529412,98.1798367618091,311.0,317.6476034853718,0,5.614911448588629,56.10044591667728,0.7311827956989247,0.7523364485981309,0.67168516,0.393292287871986,0.5870371854243259,0.00390625
52_TCDNE.jpg,47.728041648864746,65.42470932006836,194.5882352941176,50.9584821768658,26.0,127.76932339180638,127,4.69602156830002,156.3043264234535,0.7383512544802867,0.7507739938080495,0.6789687,0.2369661975336944,0.423117728454579,0.0
58_G250.jpg,135.74646091461182,126.97586250305176,241.00980392156865,2238.8499446378555,37.5,72.91776189653656,1018,7.314957744479291,94.00907805912314,0.7359154929577465,0.7584615384615384,0.62002367,0.0597404625117431,0.314383632221415,0.06640625
59_G250.jpg,7.46762752532959,166.48933696746826,255.0,2886.8312157133823,19.0,19.697715603592208,355,7.641788184600712,129.49303610996128,0.7333333333333333,0.7484848484848485,0.66109186,0.3971584101150333,0.4421712876477999,0.05859375
9_G250.jpg,8.655394554138184,226.67077922821045,255.0,2551.920606301196,164.0,219.3855054464629,1023,6.262940632445359,109.48054072137484,0.7307692307692307,0.7477341389728097,0.6655366,0.3982473661725074,0.4440754822801754,0.04296875
28_TCDNE.jpg,69.18443202972412,74.17961597442627,147.9019607843137,72.16749282542773,77.0,109.38464243210744,800,5.681892941539848,62.50318169931385,0.7250859106529209,0.7560240963855421,0.7204904,0.1610345450385629,0.3469292321090418,0.0
8_G250.jpg,151.99668502807617,79.8100175857544,250.1176470588236,2332.000881119726,37.0,70.43436661176133,1020,6.833635520390974,76.8027898378878,0.7186440677966102,0.7635542168674698,0.6098487,0.1878955104207204,0.3390115628685754,0.12890625
1_SI.jpg,159.69443225860596,22.43570613861084,184.86274509803923,21.32266892838288,318.0,450.43201484796793,36,3.81432960211496,38.24432776083292,0.7186440677966102,0.762406015037594,0.7039372,0.5373595553532438,0.7652820084996722,0.0625
2_TCDNE.jpg,40.28711318969727,64.46761798858643,104.01960784313724,29.32705739818266,22.0,94.04786015641186,1019,4.997366427109542,57.52230018954848,0.7181208053691275,0.7619047619047619,0.65655696,0.2324720370714181,0.4558421225482491,0.0390625
21_BL.jpg,147.74899291992188,95.8185806274414,255.0,1989.168139742324,8.0,111.75866856758807,1021,6.426680469034951,94.89577200125274,0.7157190635451505,0.7633928571428571,0.6901055,0.1599446705230251,0.2854476999059226,0.078125
42_BL.jpg,136.68583488464355,121.65356922149658,247.2156862745098,3131.823567248043,62.0,117.00427342623004,1013,7.481465952076672,106.33697058464544,0.717607973421927,0.764792899408284,0.70351416,0.1371387840308942,0.310050142402467,0.0
14_SI.jpg,163.24287223815918,179.29920196533203,243.23529411764707,1752.2781584455715,51.5,80.60397012554654,170,7.088588418161614,88.31914049422822,0.7152317880794702,0.7595307917888563,0.72386926,0.2525802297698381,0.3634496461546099,0.03125
10_TCDNE.jpg,164.57988357543945,135.87493705749512,160.76470588235293,89.00141409400021,11.0,61.71709649683789,1016,5.911454153452683,85.77665470317434,0.7142857142857143,0.7630057803468208,0.7947108,0.3436286749514069,0.3961252301394864,0.00390625
33_BL.jpg,172.6171808242798,98.86088371276855,254.9607843137255,4166.445996719968,30.0,172.00290695217916,259,6.957949318270661,95.89075020939856,0.7207792207792207,0.7636887608069164,0.68243945,0.1815588944674525,0.3260700638566687,0.09765625
18_SI.jpg,120.84926319122314,131.45517444610596,251.5196078431373,3920.788567046896,15.0,103.4842983258813,302,7.390363927426294,89.72948101374256,0.7281553398058253,0.7574468085106383,0.7128636,0.2445018189187388,0.3376911026802378,0.0703125
25_G250.jpg,169.3559169769287,92.19313430786131,224.4705882352941,1296.1937773355692,58.0,83.48652585896721,701,6.799092462749504,107.29469550552116,0.7354838709677419,0.7609618104667609,0.5743928,0.1320892883198414,0.3181333087334248,0.02734375
24_G250.jpg,181.0887899398804,78.45354843139648,254.843137254902,534.6153303125126,30.0,31.04834939252005,84,6.365577861407188,120.90947023780218,0.7387096774193549,0.7538461538461538,0.63157946,0.2140780200693934,0.3840693560143866,0.08203125
50_BL.jpg,136.5932388305664,86.94377613067627,254.91176470588235,2279.802507122797,59.0,76.05918747922567,280,7.147634302811013,128.70187103568193,0.7451612903225806,0.7513888888888889,0.5816308,0.2038457066010396,0.3784002460408345,0.06640625
31_TCDNE.jpg,164.5299940109253,97.92246055603027,213.55882352941177,281.44470446072074,12.0,39.45883931389772,1019,6.458799221392072,71.70111431075497,0.7459807073954984,0.7479338842975206,0.71614903,0.3193707106671867,0.3463148962430796,0.0234375
53_SI.jpg,214.53478145599365,223.53039360046387,145.9705882352941,313.2571094586731,13.0,53.009433122794285,1020,6.147242730878953,83.89362021141015,0.7571884984025559,0.7513661202185792,0.80276895,0.3710467435553869,0.4952041983329595,0.04296875
3_G250.jpg,174.81479263305664,61.38163948059082,248.7058823529412,740.8757949665819,168.0,194.1391253714717,303,5.431413566374778,41.41335381051889,0.7523809523809524,0.7530695770804912,0.69174296,0.1861129717750194,0.4066670919775521,0.03125
2_G250.jpg,136.75750541687012,133.71931171417236,240.0196078431373,2458.8680430531263,34.0,34.0147027033899,1019,7.1704465081035895,106.853842099457,0.750788643533123,0.7479784366576819,0.70126563,0.1633075403726521,0.3302853454449688,0.05859375
52_G250.jpg,181.5504302978516,75.89013481140137,253.64705882352945,772.7453917101898,60.0,130.59862173851607,1021,6.56584329326674,42.74689635847516,0.7547169811320755,0.7520215633423181,0.61555034,0.3130610367502553,0.3888401922860142,0.109375
53_G250.jpg,136.01721096038818,120.86762428283691,243.02941176470588,2966.048028639725,20.0,64.35060217278468,139,7.115586721573502,96.32449014651384,0.7507788161993769,0.7453580901856764,0.7106944,0.2159832405588624,0.3419569709398786,0.03125
30_SI.jpg,59.08711624145508,137.93057346343994,255.0,4887.196422937803,7.0,32.202484376209235,1019,7.262314279952931,116.21005945998635,0.7469135802469136,0.7427821522309711,0.63987607,0.2239120383704488,0.4172453244676448,0.08203125
41_SI.jpg,130.57029247283936,153.49419593811035,220.578431372549,1639.8847144826657,27.0,73.33484846919642,1015,6.903152410071899,162.227041697508,0.7476923076923077,0.7357512953367875,0.7409296,0.3204701301199382,0.3923524712614502,0.0
17_BL.jpg,142.9227113723755,112.8786506652832,242.00980392156865,2232.5552806847018,84.0,104.04806581575652,1017,7.178656473397403,103.91965410535845,0.745398773006135,0.7332474226804123,0.5900313,0.1236981355610075,0.3313806946666868,0.11328125
22_SI.jpg,156.6899642944336,115.70737266540527,253.843137254902,4856.994159695201,92.0,143.2515270424717,737,7.491333367915784,168.41433853992754,0.7439024390243902,0.7352185089974294,0.6846866,0.3302963368933459,0.4262531694551005,0.0078125
25_TCDNE.jpg,49.47249031066895,67.85281753540039,154.68627450980392,149.13834368835887,125.0,215.425161018856,758,5.620835897225392,103.77614962164353,0.7416413373860182,0.7327365728900256,0.6828231,0.2455898774618981,0.3736945129770068,0.0
5_TCDNE.jpg,40.5405158996582,63.76010990142822,136.078431372549,78.67142546466494,9.0,52.20153254455275,206,5.247122133401096,189.0125993409576,0.7454545454545455,0.7245283018867924,0.71798736,0.3561941881750749,0.5198561048890532,0.0
55_TCDNE.jpg,99.55653285980225,92.81488800048828,227.12745098039213,96.40033725552712,2.5,5.0990195135927845,1020,5.747862726188811,73.34637355662427,0.7447447447447447,0.7271589486858573,0.73138434,0.2957217287308992,0.3541276858160019,0.015625
28_G250.jpg,181.0758638381958,63.59865379333496,249.76470588235293,837.3515922072067,80.0,124.631456703354,259,6.508823011014523,130.5180776650612,0.7447447447447447,0.7235367372353674,0.6779792,0.2380344717112682,0.3564639848850123,0.078125
29_G250.jpg,191.33527946472168,73.70214176177979,235.5980392156863,849.7963618336636,150.5,213.86210510513544,1022,6.422155939974972,49.949467600743056,0.7402985074626866,0.726027397260274,0.6115332,0.295798446890178,0.4153697521649138,0.1171875
5_SI.jpg,228.71507835388184,56.742204666137695,222.58823529411765,571.3768149045022,188.0,296.73051747334654,208,5.228992897443999,111.3887259146302,0.746268656716418,0.7285180572851806,0.7194901,0.2630020746898276,0.489962033381338,0.00390625
9_SI.jpg,143.94404411315918,105.8603286743164,251.4313725490196,2795.0968562749445,22.0,102.7277956543408,1017,7.554528581152714,106.4031882809134,0.7582089552238805,0.7325870646766169,0.6193771,0.094433915219577,0.3519101108066729,0.0703125
41_TCDNE.jpg,46.541367530822754,66.08786582946777,188.7058823529412,98.1798367618091,311.0,317.6476034853718,0,5.614911448588629,56.10044591667728,0.7559523809523809,0.7338308457711443,0.67168516,0.4007681483237137,0.5936383828132252,0.0078125
61_G250.jpg,139.4019365310669,147.25171375274658,236.45098039215688,2902.0404884809977,46.0,47.8539444560216,1019,7.153254509980247,109.14226122156812,0.7551622418879056,0.7318573185731857,0.70448315,0.1766489448509815,0.33887863357047,0.01171875
60_G250.jpg,125.68846797943117,61.33672523498535,255.0,1686.5827306841966,20.5,96.17692030835671,1023,6.749799951716384,91.22476711921514,0.7536656891495601,0.7328431372549019,0.64749914,0.17553970980165,0.3236341354528721,0.0859375
60_TCDNE.jpg,102.0950174331665,74.96098709106445,170.40196078431373,83.19228295286183,61.0,88.14193099768123,1022,5.194811168730099,43.12012078908938,0.7514619883040936,0.7322738386308069,0.6883752,0.2497203676338017,0.3866313483005639,0.01953125
16_G250.jpg,149.91571617126465,71.00617027282715,236.58823529411765,960.9407670153,57.0,175.0114281982751,411,6.11468291867934,143.6007817789303,0.7521865889212828,0.7347188264058679,0.62419283,0.2664985836852241,0.3548461251228572,0.09375
17_G250.jpg,147.8868293762207,87.3195276260376,238.95098039215688,2087.520932196696,73.0,74.41102068914255,1017,6.705797099817771,88.4796636348035,0.7536231884057971,0.7378048780487805,0.57932484,0.1953493100137211,0.3478037428445306,0.0
6_BL.jpg,115.28390884399414,93.56090545654295,250.6078431372549,3949.684000821527,7.0,53.60037313302959,1019,6.725398922770545,104.90286118417788,0.7478510028653295,0.7420924574209246,0.6209173,0.1193934697849524,0.3547923785098505,0.09375
38_SI.jpg,154.71523189544678,186.7944374084473,251.3333333333333,1634.1238687344523,113.0,96.87620966986684,1020,6.992524637732602,90.96664987281731,0.7485714285714286,0.7445255474452555,0.7334159,0.2119488645830072,0.3582751050484585,0.0
8_TCDNE.jpg,63.43419361114502,66.59450912475586,209.7156862745098,52.45951641700231,101.0,100.40418317978587,584,4.903443813928168,133.65423091100914,0.7492877492877493,0.7433414043583535,0.73818964,0.1485638029828953,0.3448480682726694,0.00390625
13_BL.jpg,131.5924587249756,83.51220512390137,253.8235294117647,3537.36506172536,3.0,80.52949770115296,1011,6.925867203256853,97.01114678843078,0.7492957746478873,0.7490952955367913,0.6014539,0.1409637697547874,0.3631285496032511,0.03125
45_SI.jpg,217.9887971878052,69.64600658416748,255.0,1352.4659934581944,118.0,203.48218595248088,1021,5.84832707905324,105.59858061060524,0.75,0.7506024096385542,0.68555367,0.328952609495305,0.3838478194809234,0.078125
22_TCDNE.jpg,43.12407970428467,65.63771629333496,210.843137254902,89.95163765887145,7.5,17.0,1018,5.040155145450084,69.90177428205597,0.75,0.7473309608540926,0.71290773,0.2020864932540994,0.3778188374037786,0.0
26_SI.jpg,6.658988952636719,224.733681678772,163.11764705882354,1082.6719923034923,16.0,17.029386365926403,1020,5.3672602217210015,59.90245805143044,0.7445054945054945,0.7497048406139315,0.7832232,0.4362594408449279,0.5211665912663497,0.00390625
58_TCDNE.jpg,59.45254325866699,66.83593082427979,134.23529411764707,75.61366988805821,217.0,186.6788686488109,1022,5.168889503929655,86.48032066330353,0.7404371584699454,0.7502944640753828,0.7224379,0.3673065440435997,0.4508576306604909,0.0
22_G250.jpg,175.97846794128418,96.6876974105835,241.12745098039213,1845.486095552564,17.5,57.706152185014034,462,7.052560121641712,81.90323799310235,0.7438692098092643,0.7529411764705882,0.5887384,0.1334311154075254,0.3531937515519855,0.10546875
23_G250.jpg,75.99404907226562,104.20702648162842,254.6176470588236,3416.6335730572323,15.0,8.0,1019,7.094379124107027,83.8715097542375,0.7506775067750677,0.76,0.6043845,0.2021731981425675,0.3917378340778866,0.06640625
57_SI.jpg,173.22478675842285,49.31207942962647,253.54901960784315,557.1629878543317,109.0,163.51758315239374,366,5.834824889865955,86.50976087417516,0.7486486486486487,0.7602820211515864,0.6640917,0.2612436088679748,0.3432688495712433,0.05078125
36_TCDNE.jpg,45.40778923034668,63.41744422912598,215.2549019607843,131.60817546304315,23.0,99.0050503762308,1019,5.930660946401156,103.60769076254802,0.7473118279569892,0.7540603248259861,0.6188981,0.301367292651725,0.3444194570504655,0.0078125
34_SI.jpg,15.5838041305542,180.11912536621094,253.66666666666663,7168.972273548061,29.0,181.1573901335521,725,7.299082378613633,96.38029779512291,0.7553763440860215,0.7557870370370371,0.7485038,0.391848387761691,0.4858432335024047,0.01171875
62_BL.jpg,150.202880859375,81.91875267028809,255.0,2370.422428905642,5.0,73.17103251970687,256,7.12665471211551,111.39847386213316,0.7560321715817694,0.7554786620530565,0.59166086,0.1776369183023722,0.3812758291649267,0.05078125
49_SI.jpg,3.38446044921875,236.55651664733887,192.4803921568628,2090.724253566872,53.0,99.82484660644364,420,5.593085057578615,80.10645619331483,0.7566844919786097,0.7543053960964409,0.7597745,0.3351180335987462,0.4670352418657256,0.0078125
37_BL.jpg,134.75340938568115,159.32287406921387,231.4705882352941,2240.136535613854,30.0,99.85990186255944,1017,6.909061170773079,112.53948131781318,0.7559681697612732,0.7497168742921857,0.77281004,0.1854939804390503,0.3555587024317097,0.0078125
55_G250.jpg,134.22861862182617,114.99055671691896,235.62745098039213,2630.062830498209,47.0,144.88616221019868,1017,7.1233701078863,89.62317812775115,0.753968253968254,0.7457817772778402,0.61126035,0.1175940295769117,0.3224195702289558,0.03125
54_G250.jpg,138.0452585220337,74.90919589996338,255.0,981.8210221428872,250.0,297.3297832374012,66,5.83645827037466,61.45131761096492,0.753968253968254,0.744943820224719,0.6418496,0.2275542720077054,0.5080296650521579,0.05859375
61_SI.jpg,137.1967945098877,100.8492374420166,248.80392156862743,3616.320721645081,21.0,71.47027354082255,1017,7.251825947423697,88.08980442646067,0.7486910994764397,0.7463687150837989,0.62210566,0.0988182263002036,0.3512913042022911,0.08984375
17_TCDNE.jpg,41.5890007019043,64.65590763092041,133.88235294117646,56.75648002111029,20.0,81.60882305241266,1009,4.796540461956037,116.27029333333331,0.7526041666666666,0.7469478357380688,0.7379952,0.3058134175114302,0.4370683044763244,0.0
29_BL.jpg,183.91978645324707,45.390618324279785,254.62745098039213,2136.372398525384,22.0,160.6268968759591,1019,5.421868767204886,63.41840812482501,0.7506493506493507,0.7472283813747228,0.6608371,0.2952686403375016,0.3554761636182056,0.0234375
4_G250.jpg,114.25565338134766,90.77912425994872,255.0,2376.1342080816485,84.0,116.03878661895772,232,7.230708749760204,126.01215157226466,0.7512953367875648,0.7477876106194691,0.5760667,0.2429708980560736,0.3863235274642748,0.12109375
5_G250.jpg,163.1565237045288,71.66510772705078,248.49019607843127,1360.5328442169705,12.0,46.57252408878007,451,6.938100443085935,72.33290169682014,0.7512953367875648,0.7436743674367436,0.59377927,0.178233904461764,0.377175720844197,0.109375
54_BL.jpg,175.6228141784668,202.6805725097656,193.54901960784312,1522.6953535550083,44.0,99.0050503762308,1013,6.693083700598049,98.6959385969249,0.7416879795396419,0.7386117136659436,0.79179674,0.2193799254720727,0.4119207891728755,0.01171875
25_BL.jpg,201.3760528564453,61.49071502685547,242.0392156862745,811.1766395410523,203.5,195.9795907741416,1021,5.654401148286838,41.545479937821824,0.7416879795396419,0.7378114842903575,0.65101975,0.2646948860687707,0.4468577257772174,0.0703125
58_BL.jpg,129.6766767501831,85.7405834197998,254.31372549019608,1287.3193402921315,95.0,179.24564150907548,182,6.685762376850669,115.89066078861168,0.7442455242966752,0.7365010799136069,0.67280203,0.2398282951266239,0.3356945196919476,0.046875
10_SI.jpg,147.9679946899414,193.7645568847656,239.078431372549,2093.115547516433,27.0,71.47027354082255,1019,7.027586887888145,147.32661011934115,0.7480916030534351,0.7371244635193133,0.7609817,0.2756479746639908,0.4199826748086637,0.0078125
46_BL.jpg,149.96483325958252,83.2840576171875,235.95098039215688,1298.690090425631,13.0,111.15754585272202,695,6.317906644179232,109.32490403310234,0.751269035532995,0.736392742796158,0.6899106,0.1655801155949536,0.2909056604514299,0.0078125
36_SI.jpg,236.0357341766357,71.2076826095581,238.343137254902,687.177784593543,310.0,328.05487345869443,1023,5.727383588175832,65.23572757909562,0.7493670886075949,0.7366737739872068,0.74564177,0.3786318866314471,0.6061048317410866,0.1015625
60_BL.jpg,161.9283046722412,232.96581745147705,241.9705882352941,592.8574307879593,58.5,194.62014284240985,325,5.901091670716733,98.893469005018,0.7493670886075949,0.7358892438764644,0.77782893,0.2674394276758854,0.4315602121185511,0.00390625
28_SI.jpg,139.15618324279785,95.79666233062744,239.9313725490196,1736.2028650293164,7.0,8.602325267042627,713,6.879548278860723,127.1371361473333,0.7388059701492538,0.7396825396825397,0.65774095,0.211672615410994,0.3396964178961949,0.0078125
55_SI.jpg,129.3357696533203,85.22412204742432,255.0,7557.068126081693,51.0,70.66116330771806,1022,7.416439847896575,118.96133756467408,0.7328431372549019,0.7426470588235294,0.61936057,0.2283078888172601,0.4465094392375442,0.03515625
24_SI.jpg,155.50361251831055,99.00748825073242,252.4313725490196,3262.459206011785,11.5,34.785054261852174,567,6.995863326318209,98.16193464452438,0.7263922518159807,0.7473794549266247,0.64779127,0.1380595445280218,0.3260098314089057,0.0546875
59_SI.jpg,1.8010034561157229,236.9221353530884,94.69607843137254,233.41470786338903,8.0,48.08326112068523,1014,5.166021962749968,74.87153970236237,0.727710843373494,0.746875,0.7995437,0.5484693065054317,0.5970320062487101,0.01171875
11_BL.jpg,179.07142734527588,74.85815143585205,253.9607843137255,2740.9558705885943,11.0,85.0,281,6.615452324035687,88.60955688154162,0.7307692307692307,0.75,0.5827456,0.1562377537705469,0.3718166006926215,0.03515625
47_SI.jpg,148.27676582336426,43.47674369812012,248.94117647058823,5623.089326564852,63.0,168.34488409215172,1019,4.428701577979115,137.30480607732252,0.7338129496402878,0.7507788161993769,0.6886733,0.3515704913296519,0.3679157983977749,0.07421875
12_SI.jpg,0.0186939239501953,226.69841384887687,205.54901960784315,1626.557354001123,101.5,153.8083222715858,1021,5.700827847581441,40.09609505108001,0.7303102625298329,0.749741468459152,0.8210447,0.4181975588633714,0.5275103431920722,0.0078125
53_TCDNE.jpg,31.407771110534668,61.49628925323486,211.6960784313725,232.83418911858465,35.0,110.6390527797486,407,5.844490541712824,144.27056747044557,0.7298578199052133,0.7494866529774127,0.65933096,0.2612154050120097,0.3625632525050714,0.0234375
39_BL.jpg,127.75776958465576,118.127028465271,239.72549019607845,2205.211053247075,86.0,126.14277624977184,1017,7.278095605408909,67.01747208727521,0.735224586288416,0.7466937945066124,0.63874537,0.1837249791328616,0.3230739046417006,0.06640625
44_BL.jpg,219.22733783721924,56.28690910339356,247.66666666666663,513.6422689000884,169.0,242.12806528777287,1023,5.035659372573658,98.25707599297928,0.7358490566037735,0.7464503042596349,0.697141,0.2655343024648454,0.4348479231102716,0.0625
48_G250.jpg,126.78138542175292,95.22790336608888,248.1078431372549,1165.9189571216782,88.0,115.12167476196652,237,7.0577316822854215,93.70687544379425,0.7347417840375586,0.7464646464646465,0.5926329,0.1550476407129766,0.3385606497741695,0.0078125
49_G250.jpg,225.74755096435547,59.20246505737305,244.86274509803923,846.6069775157957,169.0,203.4158302591025,294,5.642232022361264,39.06030881239158,0.7330210772833724,0.7474747474747475,0.66875964,0.2203950201796914,0.4427776304728655,0.01171875
29_TCDNE.jpg,112.56078147888184,91.9805212020874,176.0,59.13327785116326,39.0,31.6227766016838,140,6.120283920494574,82.91121737841044,0.7377049180327869,0.7442326980942828,0.7388461,0.3147460470270209,0.3496708292521485,0.0
27_BL.jpg,135.06503677368164,102.54551696777344,240.94117647058823,3971.51440425314,11.0,28.442925306655784,1016,7.203936342140235,90.88486633106886,0.7435897435897436,0.748,0.64379036,0.1103780830345445,0.3544783540533412,0.01953125
3_TCDNE.jpg,54.02322959899902,64.63049411773682,179.30392156862746,52.864106602209176,132.5,180.01388835309348,317,4.94363349190611,101.90888111081196,0.7441860465116279,0.7485029940119761,0.70580035,0.2179004234001513,0.3806660074517208,0.0
56_BL.jpg,24.884089469909668,188.21655559539795,247.05882352941177,1003.6874757320312,137.0,148.00337833982033,228,6.952793797416906,104.05358063486608,0.7441860465116279,0.7477567298105683,0.72682196,0.292288448327626,0.3921594691347672,0.03515625
35_BL.jpg,126.10910606384276,65.6604814529419,248.16666666666663,1028.991857256607,15.5,105.47511554864494,67,5.705827711517523,30.612115799657666,0.7407407407407407,0.7475149105367793,0.63483274,0.3156155566261709,0.4045439460681143,0.0234375
48_BL.jpg,154.31309700012207,87.22484970092773,243.578431372549,1989.920035940141,3.0,160.37767924496225,1019,6.720131585090476,89.55544246051211,0.7430555555555556,0.7485089463220675,0.60131484,0.1730514907146531,0.328290004015332,0.03125
47_TCDNE.jpg,101.8226900100708,72.4764051437378,124.41176470588236,93.45001311212276,3.0,179.2930561957155,237,5.686862779438979,97.73359585021392,0.7396313364055299,0.7467853610286844,0.7167339,0.2154133468783206,0.3521389877845379,0.00390625
63_SI.jpg,113.14602470397948,119.02496147155762,253.05882352941177,3530.956848833477,14.0,92.6120942425988,533,7.411182501567367,82.8284058253373,0.7379310344827587,0.7455621301775148,0.6246834,0.1908171511182248,0.3463144607754387,0.08203125
11_TCDNE.jpg,65.78803634643555,67.57037830352783,190.7450980392157,42.50756515760349,9.0,115.93532679903912,138,4.932624762151889,74.94903837518123,0.7385321100917431,0.7467980295566502,0.7273238,0.2719648817200102,0.3710077298026577,0.0
35_G250.jpg,181.21885204315183,65.2538480758667,246.6176470588235,902.003347520392,145.0,230.2172886644268,270,6.337827397047137,122.4250544319404,0.7408256880733946,0.7470472440944882,0.68308,0.2642258135511143,0.3843424851814812,0.08203125
34_G250.jpg,148.01830291748047,103.22878456115724,239.50980392156865,1638.233877664983,76.0,110.3856874780422,1021,7.098604576891704,99.01611523633612,0.7454128440366973,0.7490157480314961,0.54490465,0.1961690539283592,0.3572899734204367,0.12109375
7_SI.jpg,184.5841398239136,67.64545440673828,254.6372549019608,707.0482480544533,24.0,122.64175471673585,1015,6.081182313922169,112.62145799525652,0.7420091324200914,0.744390243902439,0.6823823,0.2521292125964729,0.3318779126447199,0.0078125
4_BL.jpg,124.16098403930664,87.15522575378418,253.5,2840.0788933087138,6.0,80.15609770940699,1019,7.019437945712791,97.04435020215384,0.7420814479638009,0.7410972088546679,0.6468753,0.0880764352581626,0.3239126131374497,0.00390625
24_TCDNE.jpg,34.42549800872803,63.75323867797852,187.9117647058824,67.03670988976955,48.5,93.81364506296512,126,5.1118201177979925,135.84595147996475,0.7415730337078652,0.74447646493756,0.71274465,0.2132726622506778,0.3978445445657804,0.00390625
30_TCDNE.jpg,160.40949535369873,130.2282018661499,128.99019607843138,32.38987798077051,155.0,131.10682667199293,483,5.73754476419138,97.59417580165966,0.7399103139013453,0.7432950191570882,0.77145356,0.3328203594609937,0.3836823440741929,0.00390625
8_BL.jpg,138.58455562591553,82.67734241485596,250.95098039215685,2161.112008805089,120.5,200.47194317410103,80,6.972360103097417,111.9220315176008,0.7366071428571429,0.7409523809523809,0.60994786,0.2973852451996573,0.3880742190689547,0.0078125
42_G250.jpg,160.5292444229126,69.66105461120605,252.58823529411765,986.3786905382132,3.0,16.1245154965971,1017,6.324866213929577,57.55576329352144,0.7317073170731707,0.7423954372623575,0.6152358,0.2868608071535657,0.3894641395498261,0.1015625
43_G250.jpg,134.35408210754397,126.57172870635986,230.77450980392155,3178.037543258151,40.0,69.63476143421474,1016,7.2284420982246065,87.78151427225157,0.7389380530973452,0.7450236966824645,0.6642558,0.0910564532049989,0.3149305383503578,0.0078125
